-- =====================================================
-- HRIS Sample Data
-- 100 Employees using characters from:
-- One Piece, Demon Slayer, Naruto, Jujutsu Kaisen
-- =====================================================

-- =====================================================
-- HR_USERS (Authentication)
-- =====================================================
INSERT INTO HR_USERS (USERNAME, PASSWORD, EMAIL, FULL_NAME, ROLE, ACTIVE) VALUES ('admin', 'admin123', 'admin@hris.com', 'System Administrator', 'ADMIN', true);
INSERT INTO HR_USERS (USERNAME, PASSWORD, EMAIL, FULL_NAME, ROLE, ACTIVE) VALUES ('user', 'user123', 'user@hris.com', 'Regular User', 'USER', true);
INSERT INTO HR_USERS (USERNAME, PASSWORD, EMAIL, FULL_NAME, ROLE, ACTIVE) VALUES ('hendi', 'password', 'hendisantika@gmail.com', 'Hendi Santika', 'ADMIN', true);

-- =====================================================
-- REGIONS
-- =====================================================
INSERT INTO REGIONS (REGION_ID, REGION_NAME) VALUES (1, 'Asia Pacific');
INSERT INTO REGIONS (REGION_ID, REGION_NAME) VALUES (2, 'Europe');
INSERT INTO REGIONS (REGION_ID, REGION_NAME) VALUES (3, 'Americas');
INSERT INTO REGIONS (REGION_ID, REGION_NAME) VALUES (4, 'Middle East & Africa');

-- =====================================================
-- COUNTRIES
-- =====================================================
INSERT INTO COUNTRIES (COUNTRY_ID, REGION_ID, COUNTRY_NAME) VALUES ('JP', 1, 'Japan');
INSERT INTO COUNTRIES (COUNTRY_ID, REGION_ID, COUNTRY_NAME) VALUES ('US', 3, 'United States');
INSERT INTO COUNTRIES (COUNTRY_ID, REGION_ID, COUNTRY_NAME) VALUES ('ID', 1, 'Indonesia');
INSERT INTO COUNTRIES (COUNTRY_ID, REGION_ID, COUNTRY_NAME) VALUES ('SG', 1, 'Singapore');
INSERT INTO COUNTRIES (COUNTRY_ID, REGION_ID, COUNTRY_NAME) VALUES ('UK', 2, 'United Kingdom');
INSERT INTO COUNTRIES (COUNTRY_ID, REGION_ID, COUNTRY_NAME) VALUES ('DE', 2, 'Germany');
INSERT INTO COUNTRIES (COUNTRY_ID, REGION_ID, COUNTRY_NAME) VALUES ('FR', 2, 'France');
INSERT INTO COUNTRIES (COUNTRY_ID, REGION_ID, COUNTRY_NAME) VALUES ('AU', 1, 'Australia');
INSERT INTO COUNTRIES (COUNTRY_ID, REGION_ID, COUNTRY_NAME) VALUES ('CN', 1, 'China');
INSERT INTO COUNTRIES (COUNTRY_ID, REGION_ID, COUNTRY_NAME) VALUES ('BR', 3, 'Brazil');

-- =====================================================
-- LOCATIONS
-- =====================================================
INSERT INTO LOCATION (LOCATION_ID, STREET_ADDRESS, POSTAL_CODE, CITY, STATE_PROVINCE, COUNTRY_ID) VALUES (1, '1-1 Grand Line Avenue', '100-0001', 'Tokyo', 'Tokyo', 'JP');
INSERT INTO LOCATION (LOCATION_ID, STREET_ADDRESS, POSTAL_CODE, CITY, STATE_PROVINCE, COUNTRY_ID) VALUES (2, '500 Shinobi Street', '606-0001', 'Konohagakure', 'Kyoto', 'JP');
INSERT INTO LOCATION (LOCATION_ID, STREET_ADDRESS, POSTAL_CODE, CITY, STATE_PROVINCE, COUNTRY_ID) VALUES (3, '123 Demon Slayer Road', '160-0022', 'Taisho', 'Tokyo', 'JP');
INSERT INTO LOCATION (LOCATION_ID, STREET_ADDRESS, POSTAL_CODE, CITY, STATE_PROVINCE, COUNTRY_ID) VALUES (4, '456 Jujutsu Avenue', '150-0001', 'Shibuya', 'Tokyo', 'JP');
INSERT INTO LOCATION (LOCATION_ID, STREET_ADDRESS, POSTAL_CODE, CITY, STATE_PROVINCE, COUNTRY_ID) VALUES (5, '789 Tech Boulevard', '94105', 'San Francisco', 'California', 'US');
INSERT INTO LOCATION (LOCATION_ID, STREET_ADDRESS, POSTAL_CODE, CITY, STATE_PROVINCE, COUNTRY_ID) VALUES (6, '100 Marina Bay', '018956', 'Singapore', 'Singapore', 'SG');
INSERT INTO LOCATION (LOCATION_ID, STREET_ADDRESS, POSTAL_CODE, CITY, STATE_PROVINCE, COUNTRY_ID) VALUES (7, '250 Sudirman Street', '12190', 'Jakarta', 'DKI Jakarta', 'ID');
INSERT INTO LOCATION (LOCATION_ID, STREET_ADDRESS, POSTAL_CODE, CITY, STATE_PROVINCE, COUNTRY_ID) VALUES (8, '1 London Bridge', 'SE1 9SG', 'London', 'England', 'UK');
INSERT INTO LOCATION (LOCATION_ID, STREET_ADDRESS, POSTAL_CODE, CITY, STATE_PROVINCE, COUNTRY_ID) VALUES (9, '88 Alexanderplatz', '10178', 'Berlin', 'Berlin', 'DE');
INSERT INTO LOCATION (LOCATION_ID, STREET_ADDRESS, POSTAL_CODE, CITY, STATE_PROVINCE, COUNTRY_ID) VALUES (10, '45 Champs-Élysées', '75008', 'Paris', 'Île-de-France', 'FR');

-- =====================================================
-- JOBS
-- =====================================================
INSERT INTO JOBS (JOB_ID, JOB_TITLE, MIN_SALARY, MAX_SALARY) VALUES ('CEO', 'Chief Executive Officer', 200000.00, 500000.00);
INSERT INTO JOBS (JOB_ID, JOB_TITLE, MIN_SALARY, MAX_SALARY) VALUES ('CTO', 'Chief Technology Officer', 150000.00, 350000.00);
INSERT INTO JOBS (JOB_ID, JOB_TITLE, MIN_SALARY, MAX_SALARY) VALUES ('CFO', 'Chief Financial Officer', 150000.00, 350000.00);
INSERT INTO JOBS (JOB_ID, JOB_TITLE, MIN_SALARY, MAX_SALARY) VALUES ('VP_ENG', 'VP of Engineering', 120000.00, 250000.00);
INSERT INTO JOBS (JOB_ID, JOB_TITLE, MIN_SALARY, MAX_SALARY) VALUES ('VP_SALES', 'VP of Sales', 120000.00, 250000.00);
INSERT INTO JOBS (JOB_ID, JOB_TITLE, MIN_SALARY, MAX_SALARY) VALUES ('SENENG', 'Senior Software Engineer', 90000.00, 180000.00);
INSERT INTO JOBS (JOB_ID, JOB_TITLE, MIN_SALARY, MAX_SALARY) VALUES ('SWENG', 'Software Engineer', 70000.00, 130000.00);
INSERT INTO JOBS (JOB_ID, JOB_TITLE, MIN_SALARY, MAX_SALARY) VALUES ('JRENG', 'Junior Software Engineer', 50000.00, 80000.00);
INSERT INTO JOBS (JOB_ID, JOB_TITLE, MIN_SALARY, MAX_SALARY) VALUES ('DEVOPS', 'DevOps Engineer', 75000.00, 150000.00);
INSERT INTO JOBS (JOB_ID, JOB_TITLE, MIN_SALARY, MAX_SALARY) VALUES ('DATENG', 'Data Engineer', 80000.00, 160000.00);
INSERT INTO JOBS (JOB_ID, JOB_TITLE, MIN_SALARY, MAX_SALARY) VALUES ('DATSCI', 'Data Scientist', 85000.00, 170000.00);
INSERT INTO JOBS (JOB_ID, JOB_TITLE, MIN_SALARY, MAX_SALARY) VALUES ('PRODMGR', 'Product Manager', 90000.00, 180000.00);
INSERT INTO JOBS (JOB_ID, JOB_TITLE, MIN_SALARY, MAX_SALARY) VALUES ('PROJMGR', 'Project Manager', 75000.00, 140000.00);
INSERT INTO JOBS (JOB_ID, JOB_TITLE, MIN_SALARY, MAX_SALARY) VALUES ('UXDES', 'UX Designer', 65000.00, 120000.00);
INSERT INTO JOBS (JOB_ID, JOB_TITLE, MIN_SALARY, MAX_SALARY) VALUES ('HRMAN', 'HR Manager', 70000.00, 130000.00);
INSERT INTO JOBS (JOB_ID, JOB_TITLE, MIN_SALARY, MAX_SALARY) VALUES ('SALREP', 'Sales Representative', 50000.00, 100000.00);
INSERT INTO JOBS (JOB_ID, JOB_TITLE, MIN_SALARY, MAX_SALARY) VALUES ('MKTSPEC', 'Marketing Specialist', 55000.00, 95000.00);
INSERT INTO JOBS (JOB_ID, JOB_TITLE, MIN_SALARY, MAX_SALARY) VALUES ('ACCNT', 'Accountant', 55000.00, 95000.00);
INSERT INTO JOBS (JOB_ID, JOB_TITLE, MIN_SALARY, MAX_SALARY) VALUES ('CUSTSUP', 'Customer Support', 40000.00, 70000.00);
INSERT INTO JOBS (JOB_ID, JOB_TITLE, MIN_SALARY, MAX_SALARY) VALUES ('INTERN', 'Intern', 30000.00, 45000.00);

-- =====================================================
-- DEPARTMENTS
-- =====================================================
INSERT INTO DEPARTMENT (DEPARTMENT_ID, DEPARTMENT_NAME, LOCATION_ID, MANAGER_ID) VALUES (1, 'Executive', 1, NULL);
INSERT INTO DEPARTMENT (DEPARTMENT_ID, DEPARTMENT_NAME, LOCATION_ID, MANAGER_ID) VALUES (2, 'Engineering', 1, NULL);
INSERT INTO DEPARTMENT (DEPARTMENT_ID, DEPARTMENT_NAME, LOCATION_ID, MANAGER_ID) VALUES (3, 'Product', 4, NULL);
INSERT INTO DEPARTMENT (DEPARTMENT_ID, DEPARTMENT_NAME, LOCATION_ID, MANAGER_ID) VALUES (4, 'Sales', 5, NULL);
INSERT INTO DEPARTMENT (DEPARTMENT_ID, DEPARTMENT_NAME, LOCATION_ID, MANAGER_ID) VALUES (5, 'Marketing', 6, NULL);
INSERT INTO DEPARTMENT (DEPARTMENT_ID, DEPARTMENT_NAME, LOCATION_ID, MANAGER_ID) VALUES (6, 'Human Resources', 7, NULL);
INSERT INTO DEPARTMENT (DEPARTMENT_ID, DEPARTMENT_NAME, LOCATION_ID, MANAGER_ID) VALUES (7, 'Finance', 8, NULL);
INSERT INTO DEPARTMENT (DEPARTMENT_ID, DEPARTMENT_NAME, LOCATION_ID, MANAGER_ID) VALUES (8, 'Operations', 9, NULL);
INSERT INTO DEPARTMENT (DEPARTMENT_ID, DEPARTMENT_NAME, LOCATION_ID, MANAGER_ID) VALUES (9, 'Customer Success', 10, NULL);
INSERT INTO DEPARTMENT (DEPARTMENT_ID, DEPARTMENT_NAME, LOCATION_ID, MANAGER_ID) VALUES (10, 'Research & Development', 2, NULL);

-- =====================================================
-- EMPLOYEES - 100 Anime Characters
-- =====================================================

-- ONE PIECE Characters (25 employees)
INSERT INTO EMPLOYEE (EMPLOYEE_ID, FIRST_NAME, LAST_NAME, EMAIL, PHONE_NUMBER, HIRE_DATE, SALARY, COMMISSION_PCT, JOB_ID, MANAGER_ID, DEPARTMENT_ID) VALUES (1, 'Monkey D.', 'Luffy', 'luffy@grandline.com', '+81-3-1234-5001', '2020-01-15', 250000.00, NULL, 'CEO', NULL, 1);
INSERT INTO EMPLOYEE (EMPLOYEE_ID, FIRST_NAME, LAST_NAME, EMAIL, PHONE_NUMBER, HIRE_DATE, SALARY, COMMISSION_PCT, JOB_ID, MANAGER_ID, DEPARTMENT_ID) VALUES (2, 'Roronoa', 'Zoro', 'zoro@grandline.com', '+81-3-1234-5002', '2020-02-01', 180000.00, NULL, 'CTO', 1, 2);
INSERT INTO EMPLOYEE (EMPLOYEE_ID, FIRST_NAME, LAST_NAME, EMAIL, PHONE_NUMBER, HIRE_DATE, SALARY, COMMISSION_PCT, JOB_ID, MANAGER_ID, DEPARTMENT_ID) VALUES (3, 'Nami', 'Navigator', 'nami@grandline.com', '+81-3-1234-5003', '2020-02-15', 180000.00, NULL, 'CFO', 1, 7);
INSERT INTO EMPLOYEE (EMPLOYEE_ID, FIRST_NAME, LAST_NAME, EMAIL, PHONE_NUMBER, HIRE_DATE, SALARY, COMMISSION_PCT, JOB_ID, MANAGER_ID, DEPARTMENT_ID) VALUES (4, 'Vinsmoke', 'Sanji', 'sanji@grandline.com', '+81-3-1234-5004', '2020-03-01', 150000.00, NULL, 'VP_ENG', 2, 2);
INSERT INTO EMPLOYEE (EMPLOYEE_ID, FIRST_NAME, LAST_NAME, EMAIL, PHONE_NUMBER, HIRE_DATE, SALARY, COMMISSION_PCT, JOB_ID, MANAGER_ID, DEPARTMENT_ID) VALUES (5, 'Nico', 'Robin', 'robin@grandline.com', '+81-3-1234-5005', '2020-03-15', 150000.00, NULL, 'PRODMGR', 1, 3);
INSERT INTO EMPLOYEE (EMPLOYEE_ID, FIRST_NAME, LAST_NAME, EMAIL, PHONE_NUMBER, HIRE_DATE, SALARY, COMMISSION_PCT, JOB_ID, MANAGER_ID, DEPARTMENT_ID) VALUES (6, 'Tony Tony', 'Chopper', 'chopper@grandline.com', '+81-3-1234-5006', '2020-04-01', 120000.00, NULL, 'SENENG', 4, 2);
INSERT INTO EMPLOYEE (EMPLOYEE_ID, FIRST_NAME, LAST_NAME, EMAIL, PHONE_NUMBER, HIRE_DATE, SALARY, COMMISSION_PCT, JOB_ID, MANAGER_ID, DEPARTMENT_ID) VALUES (7, 'Franky', 'Cyborg', 'franky@grandline.com', '+81-3-1234-5007', '2020-04-15', 120000.00, NULL, 'DEVOPS', 4, 2);
INSERT INTO EMPLOYEE (EMPLOYEE_ID, FIRST_NAME, LAST_NAME, EMAIL, PHONE_NUMBER, HIRE_DATE, SALARY, COMMISSION_PCT, JOB_ID, MANAGER_ID, DEPARTMENT_ID) VALUES (8, 'Brook', 'Soul King', 'brook@grandline.com', '+81-3-1234-5008', '2020-05-01', 95000.00, NULL, 'SWENG', 4, 2);
INSERT INTO EMPLOYEE (EMPLOYEE_ID, FIRST_NAME, LAST_NAME, EMAIL, PHONE_NUMBER, HIRE_DATE, SALARY, COMMISSION_PCT, JOB_ID, MANAGER_ID, DEPARTMENT_ID) VALUES (9, 'Usopp', 'Sniper', 'usopp@grandline.com', '+81-3-1234-5009', '2020-05-15', 85000.00, NULL, 'SWENG', 4, 2);
INSERT INTO EMPLOYEE (EMPLOYEE_ID, FIRST_NAME, LAST_NAME, EMAIL, PHONE_NUMBER, HIRE_DATE, SALARY, COMMISSION_PCT, JOB_ID, MANAGER_ID, DEPARTMENT_ID) VALUES (10, 'Jinbe', 'Fishman', 'jinbe@grandline.com', '+81-3-1234-5010', '2020-06-01', 145000.00, NULL, 'DATSCI', 2, 10);
INSERT INTO EMPLOYEE (EMPLOYEE_ID, FIRST_NAME, LAST_NAME, EMAIL, PHONE_NUMBER, HIRE_DATE, SALARY, COMMISSION_PCT, JOB_ID, MANAGER_ID, DEPARTMENT_ID) VALUES (11, 'Trafalgar', 'Law', 'law@grandline.com', '+81-3-1234-5011', '2021-01-10', 140000.00, NULL, 'SENENG', 4, 2);
INSERT INTO EMPLOYEE (EMPLOYEE_ID, FIRST_NAME, LAST_NAME, EMAIL, PHONE_NUMBER, HIRE_DATE, SALARY, COMMISSION_PCT, JOB_ID, MANAGER_ID, DEPARTMENT_ID) VALUES (12, 'Portgas D.', 'Ace', 'ace@grandline.com', '+81-3-1234-5012', '2021-02-01', 130000.00, NULL, 'PRODMGR', 5, 3);
INSERT INTO EMPLOYEE (EMPLOYEE_ID, FIRST_NAME, LAST_NAME, EMAIL, PHONE_NUMBER, HIRE_DATE, SALARY, COMMISSION_PCT, JOB_ID, MANAGER_ID, DEPARTMENT_ID) VALUES (13, 'Sabo', 'Revolutionary', 'sabo@grandline.com', '+81-3-1234-5013', '2021-02-15', 110000.00, 0.10, 'VP_SALES', 1, 4);
INSERT INTO EMPLOYEE (EMPLOYEE_ID, FIRST_NAME, LAST_NAME, EMAIL, PHONE_NUMBER, HIRE_DATE, SALARY, COMMISSION_PCT, JOB_ID, MANAGER_ID, DEPARTMENT_ID) VALUES (14, 'Boa', 'Hancock', 'hancock@grandline.com', '+81-3-1234-5014', '2021-03-01', 85000.00, 0.08, 'SALREP', 13, 4);
INSERT INTO EMPLOYEE (EMPLOYEE_ID, FIRST_NAME, LAST_NAME, EMAIL, PHONE_NUMBER, HIRE_DATE, SALARY, COMMISSION_PCT, JOB_ID, MANAGER_ID, DEPARTMENT_ID) VALUES (15, 'Shanks', 'Red Hair', 'shanks@grandline.com', '+81-3-1234-5015', '2021-03-15', 150000.00, NULL, 'HRMAN', 1, 6);
INSERT INTO EMPLOYEE (EMPLOYEE_ID, FIRST_NAME, LAST_NAME, EMAIL, PHONE_NUMBER, HIRE_DATE, SALARY, COMMISSION_PCT, JOB_ID, MANAGER_ID, DEPARTMENT_ID) VALUES (16, 'Dracule', 'Mihawk', 'mihawk@grandline.com', '+81-3-1234-5016', '2021-04-01', 145000.00, NULL, 'DATENG', 2, 10);
INSERT INTO EMPLOYEE (EMPLOYEE_ID, FIRST_NAME, LAST_NAME, EMAIL, PHONE_NUMBER, HIRE_DATE, SALARY, COMMISSION_PCT, JOB_ID, MANAGER_ID, DEPARTMENT_ID) VALUES (17, 'Buggy', 'Clown', 'buggy@grandline.com', '+81-3-1234-5017', '2021-04-15', 75000.00, NULL, 'MKTSPEC', 1, 5);
INSERT INTO EMPLOYEE (EMPLOYEE_ID, FIRST_NAME, LAST_NAME, EMAIL, PHONE_NUMBER, HIRE_DATE, SALARY, COMMISSION_PCT, JOB_ID, MANAGER_ID, DEPARTMENT_ID) VALUES (18, 'Crocodile', 'Sir', 'crocodile@grandline.com', '+81-3-1234-5018', '2021-05-01', 80000.00, NULL, 'ACCNT', 3, 7);
INSERT INTO EMPLOYEE (EMPLOYEE_ID, FIRST_NAME, LAST_NAME, EMAIL, PHONE_NUMBER, HIRE_DATE, SALARY, COMMISSION_PCT, JOB_ID, MANAGER_ID, DEPARTMENT_ID) VALUES (19, 'Donquixote', 'Doflamingo', 'doflamingo@grandline.com', '+81-3-1234-5019', '2021-05-15', 90000.00, NULL, 'PROJMGR', 5, 3);
INSERT INTO EMPLOYEE (EMPLOYEE_ID, FIRST_NAME, LAST_NAME, EMAIL, PHONE_NUMBER, HIRE_DATE, SALARY, COMMISSION_PCT, JOB_ID, MANAGER_ID, DEPARTMENT_ID) VALUES (20, 'Eustass', 'Kid', 'kid@grandline.com', '+81-3-1234-5020', '2021-06-01', 95000.00, NULL, 'SWENG', 4, 2);
INSERT INTO EMPLOYEE (EMPLOYEE_ID, FIRST_NAME, LAST_NAME, EMAIL, PHONE_NUMBER, HIRE_DATE, SALARY, COMMISSION_PCT, JOB_ID, MANAGER_ID, DEPARTMENT_ID) VALUES (21, 'Killer', 'Massacre', 'killer@grandline.com', '+81-3-1234-5021', '2021-06-15', 90000.00, NULL, 'SWENG', 4, 2);
INSERT INTO EMPLOYEE (EMPLOYEE_ID, FIRST_NAME, LAST_NAME, EMAIL, PHONE_NUMBER, HIRE_DATE, SALARY, COMMISSION_PCT, JOB_ID, MANAGER_ID, DEPARTMENT_ID) VALUES (22, 'Perona', 'Ghost', 'perona@grandline.com', '+81-3-1234-5022', '2021-07-01', 85000.00, NULL, 'UXDES', 5, 3);
INSERT INTO EMPLOYEE (EMPLOYEE_ID, FIRST_NAME, LAST_NAME, EMAIL, PHONE_NUMBER, HIRE_DATE, SALARY, COMMISSION_PCT, JOB_ID, MANAGER_ID, DEPARTMENT_ID) VALUES (23, 'Bartholomew', 'Kuma', 'kuma@grandline.com', '+81-3-1234-5023', '2021-07-15', 110000.00, NULL, 'DEVOPS', 4, 2);
INSERT INTO EMPLOYEE (EMPLOYEE_ID, FIRST_NAME, LAST_NAME, EMAIL, PHONE_NUMBER, HIRE_DATE, SALARY, COMMISSION_PCT, JOB_ID, MANAGER_ID, DEPARTMENT_ID) VALUES (24, 'Jewelry', 'Bonney', 'bonney@grandline.com', '+81-3-1234-5024', '2021-08-01', 65000.00, NULL, 'CUSTSUP', 1, 9);
INSERT INTO EMPLOYEE (EMPLOYEE_ID, FIRST_NAME, LAST_NAME, EMAIL, PHONE_NUMBER, HIRE_DATE, SALARY, COMMISSION_PCT, JOB_ID, MANAGER_ID, DEPARTMENT_ID) VALUES (25, 'Yamato', 'Oni', 'yamato@grandline.com', '+81-3-1234-5025', '2021-08-15', 100000.00, NULL, 'SENENG', 4, 2);

-- NARUTO Characters (25 employees)
INSERT INTO EMPLOYEE (EMPLOYEE_ID, FIRST_NAME, LAST_NAME, EMAIL, PHONE_NUMBER, HIRE_DATE, SALARY, COMMISSION_PCT, JOB_ID, MANAGER_ID, DEPARTMENT_ID) VALUES (26, 'Naruto', 'Uzumaki', 'naruto@konoha.com', '+81-75-2234-5001', '2020-01-20', 145000.00, NULL, 'SENENG', 4, 2);
INSERT INTO EMPLOYEE (EMPLOYEE_ID, FIRST_NAME, LAST_NAME, EMAIL, PHONE_NUMBER, HIRE_DATE, SALARY, COMMISSION_PCT, JOB_ID, MANAGER_ID, DEPARTMENT_ID) VALUES (27, 'Sasuke', 'Uchiha', 'sasuke@konoha.com', '+81-75-2234-5002', '2020-01-20', 145000.00, NULL, 'SENENG', 4, 2);
INSERT INTO EMPLOYEE (EMPLOYEE_ID, FIRST_NAME, LAST_NAME, EMAIL, PHONE_NUMBER, HIRE_DATE, SALARY, COMMISSION_PCT, JOB_ID, MANAGER_ID, DEPARTMENT_ID) VALUES (28, 'Sakura', 'Haruno', 'sakura@konoha.com', '+81-75-2234-5003', '2020-01-20', 130000.00, NULL, 'PRODMGR', 5, 3);
INSERT INTO EMPLOYEE (EMPLOYEE_ID, FIRST_NAME, LAST_NAME, EMAIL, PHONE_NUMBER, HIRE_DATE, SALARY, COMMISSION_PCT, JOB_ID, MANAGER_ID, DEPARTMENT_ID) VALUES (29, 'Kakashi', 'Hatake', 'kakashi@konoha.com', '+81-75-2234-5004', '2019-05-01', 160000.00, NULL, 'VP_ENG', 2, 2);
INSERT INTO EMPLOYEE (EMPLOYEE_ID, FIRST_NAME, LAST_NAME, EMAIL, PHONE_NUMBER, HIRE_DATE, SALARY, COMMISSION_PCT, JOB_ID, MANAGER_ID, DEPARTMENT_ID) VALUES (30, 'Hinata', 'Hyuga', 'hinata@konoha.com', '+81-75-2234-5005', '2020-02-01', 95000.00, NULL, 'SWENG', 29, 2);
INSERT INTO EMPLOYEE (EMPLOYEE_ID, FIRST_NAME, LAST_NAME, EMAIL, PHONE_NUMBER, HIRE_DATE, SALARY, COMMISSION_PCT, JOB_ID, MANAGER_ID, DEPARTMENT_ID) VALUES (31, 'Shikamaru', 'Nara', 'shikamaru@konoha.com', '+81-75-2234-5006', '2020-02-15', 110000.00, NULL, 'PROJMGR', 28, 3);
INSERT INTO EMPLOYEE (EMPLOYEE_ID, FIRST_NAME, LAST_NAME, EMAIL, PHONE_NUMBER, HIRE_DATE, SALARY, COMMISSION_PCT, JOB_ID, MANAGER_ID, DEPARTMENT_ID) VALUES (32, 'Ino', 'Yamanaka', 'ino@konoha.com', '+81-75-2234-5007', '2020-03-01', 75000.00, NULL, 'MKTSPEC', 1, 5);
INSERT INTO EMPLOYEE (EMPLOYEE_ID, FIRST_NAME, LAST_NAME, EMAIL, PHONE_NUMBER, HIRE_DATE, SALARY, COMMISSION_PCT, JOB_ID, MANAGER_ID, DEPARTMENT_ID) VALUES (33, 'Choji', 'Akimichi', 'choji@konoha.com', '+81-75-2234-5008', '2020-03-15', 85000.00, NULL, 'SWENG', 29, 2);
INSERT INTO EMPLOYEE (EMPLOYEE_ID, FIRST_NAME, LAST_NAME, EMAIL, PHONE_NUMBER, HIRE_DATE, SALARY, COMMISSION_PCT, JOB_ID, MANAGER_ID, DEPARTMENT_ID) VALUES (34, 'Rock', 'Lee', 'lee@konoha.com', '+81-75-2234-5009', '2020-04-01', 90000.00, NULL, 'SWENG', 29, 2);
INSERT INTO EMPLOYEE (EMPLOYEE_ID, FIRST_NAME, LAST_NAME, EMAIL, PHONE_NUMBER, HIRE_DATE, SALARY, COMMISSION_PCT, JOB_ID, MANAGER_ID, DEPARTMENT_ID) VALUES (35, 'Neji', 'Hyuga', 'neji@konoha.com', '+81-75-2234-5010', '2020-04-15', 95000.00, NULL, 'SWENG', 29, 2);
INSERT INTO EMPLOYEE (EMPLOYEE_ID, FIRST_NAME, LAST_NAME, EMAIL, PHONE_NUMBER, HIRE_DATE, SALARY, COMMISSION_PCT, JOB_ID, MANAGER_ID, DEPARTMENT_ID) VALUES (36, 'Tenten', 'Weapon', 'tenten@konoha.com', '+81-75-2234-5011', '2020-05-01', 80000.00, NULL, 'SWENG', 29, 2);
INSERT INTO EMPLOYEE (EMPLOYEE_ID, FIRST_NAME, LAST_NAME, EMAIL, PHONE_NUMBER, HIRE_DATE, SALARY, COMMISSION_PCT, JOB_ID, MANAGER_ID, DEPARTMENT_ID) VALUES (37, 'Gaara', 'Sabaku', 'gaara@suna.com', '+81-75-2234-5012', '2020-05-15', 140000.00, NULL, 'DATENG', 2, 10);
INSERT INTO EMPLOYEE (EMPLOYEE_ID, FIRST_NAME, LAST_NAME, EMAIL, PHONE_NUMBER, HIRE_DATE, SALARY, COMMISSION_PCT, JOB_ID, MANAGER_ID, DEPARTMENT_ID) VALUES (38, 'Temari', 'Sabaku', 'temari@suna.com', '+81-75-2234-5013', '2020-06-01', 100000.00, NULL, 'UXDES', 28, 3);
INSERT INTO EMPLOYEE (EMPLOYEE_ID, FIRST_NAME, LAST_NAME, EMAIL, PHONE_NUMBER, HIRE_DATE, SALARY, COMMISSION_PCT, JOB_ID, MANAGER_ID, DEPARTMENT_ID) VALUES (39, 'Kankuro', 'Sabaku', 'kankuro@suna.com', '+81-75-2234-5014', '2020-06-15', 90000.00, NULL, 'SWENG', 29, 2);
INSERT INTO EMPLOYEE (EMPLOYEE_ID, FIRST_NAME, LAST_NAME, EMAIL, PHONE_NUMBER, HIRE_DATE, SALARY, COMMISSION_PCT, JOB_ID, MANAGER_ID, DEPARTMENT_ID) VALUES (40, 'Itachi', 'Uchiha', 'itachi@akatsuki.com', '+81-75-2234-5015', '2021-01-01', 150000.00, NULL, 'DATSCI', 2, 10);
INSERT INTO EMPLOYEE (EMPLOYEE_ID, FIRST_NAME, LAST_NAME, EMAIL, PHONE_NUMBER, HIRE_DATE, SALARY, COMMISSION_PCT, JOB_ID, MANAGER_ID, DEPARTMENT_ID) VALUES (41, 'Kisame', 'Hoshigaki', 'kisame@akatsuki.com', '+81-75-2234-5016', '2021-01-15', 130000.00, NULL, 'DATENG', 40, 10);
INSERT INTO EMPLOYEE (EMPLOYEE_ID, FIRST_NAME, LAST_NAME, EMAIL, PHONE_NUMBER, HIRE_DATE, SALARY, COMMISSION_PCT, JOB_ID, MANAGER_ID, DEPARTMENT_ID) VALUES (42, 'Deidara', 'Artist', 'deidara@akatsuki.com', '+81-75-2234-5017', '2021-02-01', 95000.00, NULL, 'UXDES', 28, 3);
INSERT INTO EMPLOYEE (EMPLOYEE_ID, FIRST_NAME, LAST_NAME, EMAIL, PHONE_NUMBER, HIRE_DATE, SALARY, COMMISSION_PCT, JOB_ID, MANAGER_ID, DEPARTMENT_ID) VALUES (43, 'Sasori', 'Puppet', 'sasori@akatsuki.com', '+81-75-2234-5018', '2021-02-15', 100000.00, NULL, 'DEVOPS', 29, 2);
INSERT INTO EMPLOYEE (EMPLOYEE_ID, FIRST_NAME, LAST_NAME, EMAIL, PHONE_NUMBER, HIRE_DATE, SALARY, COMMISSION_PCT, JOB_ID, MANAGER_ID, DEPARTMENT_ID) VALUES (44, 'Jiraiya', 'Sannin', 'jiraiya@konoha.com', '+81-75-2234-5019', '2019-03-01', 170000.00, NULL, 'DATSCI', 2, 10);
INSERT INTO EMPLOYEE (EMPLOYEE_ID, FIRST_NAME, LAST_NAME, EMAIL, PHONE_NUMBER, HIRE_DATE, SALARY, COMMISSION_PCT, JOB_ID, MANAGER_ID, DEPARTMENT_ID) VALUES (45, 'Tsunade', 'Sannin', 'tsunade@konoha.com', '+81-75-2234-5020', '2019-03-15', 170000.00, NULL, 'HRMAN', 1, 6);
INSERT INTO EMPLOYEE (EMPLOYEE_ID, FIRST_NAME, LAST_NAME, EMAIL, PHONE_NUMBER, HIRE_DATE, SALARY, COMMISSION_PCT, JOB_ID, MANAGER_ID, DEPARTMENT_ID) VALUES (46, 'Orochimaru', 'Sannin', 'orochimaru@sound.com', '+81-75-2234-5021', '2021-03-01', 145000.00, NULL, 'DATSCI', 44, 10);
INSERT INTO EMPLOYEE (EMPLOYEE_ID, FIRST_NAME, LAST_NAME, EMAIL, PHONE_NUMBER, HIRE_DATE, SALARY, COMMISSION_PCT, JOB_ID, MANAGER_ID, DEPARTMENT_ID) VALUES (47, 'Minato', 'Namikaze', 'minato@konoha.com', '+81-75-2234-5022', '2019-01-01', 180000.00, NULL, 'VP_ENG', 2, 2);
INSERT INTO EMPLOYEE (EMPLOYEE_ID, FIRST_NAME, LAST_NAME, EMAIL, PHONE_NUMBER, HIRE_DATE, SALARY, COMMISSION_PCT, JOB_ID, MANAGER_ID, DEPARTMENT_ID) VALUES (48, 'Kushina', 'Uzumaki', 'kushina@konoha.com', '+81-75-2234-5023', '2019-02-01', 130000.00, NULL, 'PRODMGR', 5, 3);
INSERT INTO EMPLOYEE (EMPLOYEE_ID, FIRST_NAME, LAST_NAME, EMAIL, PHONE_NUMBER, HIRE_DATE, SALARY, COMMISSION_PCT, JOB_ID, MANAGER_ID, DEPARTMENT_ID) VALUES (49, 'Shisui', 'Uchiha', 'shisui@konoha.com', '+81-75-2234-5024', '2021-04-01', 120000.00, NULL, 'SENENG', 47, 2);
INSERT INTO EMPLOYEE (EMPLOYEE_ID, FIRST_NAME, LAST_NAME, EMAIL, PHONE_NUMBER, HIRE_DATE, SALARY, COMMISSION_PCT, JOB_ID, MANAGER_ID, DEPARTMENT_ID) VALUES (50, 'Obito', 'Uchiha', 'obito@akatsuki.com', '+81-75-2234-5025', '2021-04-15', 110000.00, NULL, 'SWENG', 47, 2);

-- DEMON SLAYER Characters (25 employees)
INSERT INTO EMPLOYEE (EMPLOYEE_ID, FIRST_NAME, LAST_NAME, EMAIL, PHONE_NUMBER, HIRE_DATE, SALARY, COMMISSION_PCT, JOB_ID, MANAGER_ID, DEPARTMENT_ID) VALUES (51, 'Tanjiro', 'Kamado', 'tanjiro@demonslayer.jp', '+81-160-3234-5001', '2020-07-01', 95000.00, NULL, 'SWENG', 4, 2);
INSERT INTO EMPLOYEE (EMPLOYEE_ID, FIRST_NAME, LAST_NAME, EMAIL, PHONE_NUMBER, HIRE_DATE, SALARY, COMMISSION_PCT, JOB_ID, MANAGER_ID, DEPARTMENT_ID) VALUES (52, 'Nezuko', 'Kamado', 'nezuko@demonslayer.jp', '+81-160-3234-5002', '2020-07-01', 90000.00, NULL, 'SWENG', 4, 2);
INSERT INTO EMPLOYEE (EMPLOYEE_ID, FIRST_NAME, LAST_NAME, EMAIL, PHONE_NUMBER, HIRE_DATE, SALARY, COMMISSION_PCT, JOB_ID, MANAGER_ID, DEPARTMENT_ID) VALUES (53, 'Zenitsu', 'Agatsuma', 'zenitsu@demonslayer.jp', '+81-160-3234-5003', '2020-07-15', 85000.00, NULL, 'SWENG', 4, 2);
INSERT INTO EMPLOYEE (EMPLOYEE_ID, FIRST_NAME, LAST_NAME, EMAIL, PHONE_NUMBER, HIRE_DATE, SALARY, COMMISSION_PCT, JOB_ID, MANAGER_ID, DEPARTMENT_ID) VALUES (54, 'Inosuke', 'Hashibira', 'inosuke@demonslayer.jp', '+81-160-3234-5004', '2020-07-15', 85000.00, NULL, 'SWENG', 4, 2);
INSERT INTO EMPLOYEE (EMPLOYEE_ID, FIRST_NAME, LAST_NAME, EMAIL, PHONE_NUMBER, HIRE_DATE, SALARY, COMMISSION_PCT, JOB_ID, MANAGER_ID, DEPARTMENT_ID) VALUES (55, 'Giyu', 'Tomioka', 'giyu@hashira.jp', '+81-160-3234-5005', '2019-06-01', 155000.00, NULL, 'SENENG', 4, 2);
INSERT INTO EMPLOYEE (EMPLOYEE_ID, FIRST_NAME, LAST_NAME, EMAIL, PHONE_NUMBER, HIRE_DATE, SALARY, COMMISSION_PCT, JOB_ID, MANAGER_ID, DEPARTMENT_ID) VALUES (56, 'Shinobu', 'Kocho', 'shinobu@hashira.jp', '+81-160-3234-5006', '2019-06-15', 155000.00, NULL, 'DATENG', 2, 10);
INSERT INTO EMPLOYEE (EMPLOYEE_ID, FIRST_NAME, LAST_NAME, EMAIL, PHONE_NUMBER, HIRE_DATE, SALARY, COMMISSION_PCT, JOB_ID, MANAGER_ID, DEPARTMENT_ID) VALUES (57, 'Kyojuro', 'Rengoku', 'rengoku@hashira.jp', '+81-160-3234-5007', '2019-07-01', 160000.00, NULL, 'SENENG', 4, 2);
INSERT INTO EMPLOYEE (EMPLOYEE_ID, FIRST_NAME, LAST_NAME, EMAIL, PHONE_NUMBER, HIRE_DATE, SALARY, COMMISSION_PCT, JOB_ID, MANAGER_ID, DEPARTMENT_ID) VALUES (58, 'Tengen', 'Uzui', 'tengen@hashira.jp', '+81-160-3234-5008', '2019-07-15', 155000.00, NULL, 'SENENG', 4, 2);
INSERT INTO EMPLOYEE (EMPLOYEE_ID, FIRST_NAME, LAST_NAME, EMAIL, PHONE_NUMBER, HIRE_DATE, SALARY, COMMISSION_PCT, JOB_ID, MANAGER_ID, DEPARTMENT_ID) VALUES (59, 'Mitsuri', 'Kanroji', 'mitsuri@hashira.jp', '+81-160-3234-5009', '2019-08-01', 150000.00, NULL, 'PRODMGR', 5, 3);
INSERT INTO EMPLOYEE (EMPLOYEE_ID, FIRST_NAME, LAST_NAME, EMAIL, PHONE_NUMBER, HIRE_DATE, SALARY, COMMISSION_PCT, JOB_ID, MANAGER_ID, DEPARTMENT_ID) VALUES (60, 'Obanai', 'Iguro', 'obanai@hashira.jp', '+81-160-3234-5010', '2019-08-15', 150000.00, NULL, 'SENENG', 4, 2);
INSERT INTO EMPLOYEE (EMPLOYEE_ID, FIRST_NAME, LAST_NAME, EMAIL, PHONE_NUMBER, HIRE_DATE, SALARY, COMMISSION_PCT, JOB_ID, MANAGER_ID, DEPARTMENT_ID) VALUES (61, 'Sanemi', 'Shinazugawa', 'sanemi@hashira.jp', '+81-160-3234-5011', '2019-09-01', 155000.00, NULL, 'SENENG', 4, 2);
INSERT INTO EMPLOYEE (EMPLOYEE_ID, FIRST_NAME, LAST_NAME, EMAIL, PHONE_NUMBER, HIRE_DATE, SALARY, COMMISSION_PCT, JOB_ID, MANAGER_ID, DEPARTMENT_ID) VALUES (62, 'Gyomei', 'Himejima', 'gyomei@hashira.jp', '+81-160-3234-5012', '2019-09-15', 160000.00, NULL, 'SENENG', 4, 2);
INSERT INTO EMPLOYEE (EMPLOYEE_ID, FIRST_NAME, LAST_NAME, EMAIL, PHONE_NUMBER, HIRE_DATE, SALARY, COMMISSION_PCT, JOB_ID, MANAGER_ID, DEPARTMENT_ID) VALUES (63, 'Muichiro', 'Tokito', 'muichiro@hashira.jp', '+81-160-3234-5013', '2019-10-01', 145000.00, NULL, 'SWENG', 55, 2);
INSERT INTO EMPLOYEE (EMPLOYEE_ID, FIRST_NAME, LAST_NAME, EMAIL, PHONE_NUMBER, HIRE_DATE, SALARY, COMMISSION_PCT, JOB_ID, MANAGER_ID, DEPARTMENT_ID) VALUES (64, 'Kanao', 'Tsuyuri', 'kanao@demonslayer.jp', '+81-160-3234-5014', '2020-08-01', 90000.00, NULL, 'SWENG', 55, 2);
INSERT INTO EMPLOYEE (EMPLOYEE_ID, FIRST_NAME, LAST_NAME, EMAIL, PHONE_NUMBER, HIRE_DATE, SALARY, COMMISSION_PCT, JOB_ID, MANAGER_ID, DEPARTMENT_ID) VALUES (65, 'Genya', 'Shinazugawa', 'genya@demonslayer.jp', '+81-160-3234-5015', '2020-08-15', 75000.00, NULL, 'JRENG', 61, 2);
INSERT INTO EMPLOYEE (EMPLOYEE_ID, FIRST_NAME, LAST_NAME, EMAIL, PHONE_NUMBER, HIRE_DATE, SALARY, COMMISSION_PCT, JOB_ID, MANAGER_ID, DEPARTMENT_ID) VALUES (66, 'Kagaya', 'Ubuyashiki', 'kagaya@hashira.jp', '+81-160-3234-5016', '2018-01-01', 200000.00, NULL, 'VP_ENG', 2, 2);
INSERT INTO EMPLOYEE (EMPLOYEE_ID, FIRST_NAME, LAST_NAME, EMAIL, PHONE_NUMBER, HIRE_DATE, SALARY, COMMISSION_PCT, JOB_ID, MANAGER_ID, DEPARTMENT_ID) VALUES (67, 'Aoi', 'Kanzaki', 'aoi@demonslayer.jp', '+81-160-3234-5017', '2020-09-01', 65000.00, NULL, 'CUSTSUP', 1, 9);
INSERT INTO EMPLOYEE (EMPLOYEE_ID, FIRST_NAME, LAST_NAME, EMAIL, PHONE_NUMBER, HIRE_DATE, SALARY, COMMISSION_PCT, JOB_ID, MANAGER_ID, DEPARTMENT_ID) VALUES (68, 'Sabito', 'Urokodaki', 'sabito@demonslayer.jp', '+81-160-3234-5018', '2021-05-01', 95000.00, NULL, 'SWENG', 55, 2);
INSERT INTO EMPLOYEE (EMPLOYEE_ID, FIRST_NAME, LAST_NAME, EMAIL, PHONE_NUMBER, HIRE_DATE, SALARY, COMMISSION_PCT, JOB_ID, MANAGER_ID, DEPARTMENT_ID) VALUES (69, 'Makomo', 'Urokodaki', 'makomo@demonslayer.jp', '+81-160-3234-5019', '2021-05-15', 90000.00, NULL, 'SWENG', 55, 2);
INSERT INTO EMPLOYEE (EMPLOYEE_ID, FIRST_NAME, LAST_NAME, EMAIL, PHONE_NUMBER, HIRE_DATE, SALARY, COMMISSION_PCT, JOB_ID, MANAGER_ID, DEPARTMENT_ID) VALUES (70, 'Muzan', 'Kibutsuji', 'muzan@demon.jp', '+81-160-3234-5020', '2021-06-01', 85000.00, 0.12, 'SALREP', 13, 4);
INSERT INTO EMPLOYEE (EMPLOYEE_ID, FIRST_NAME, LAST_NAME, EMAIL, PHONE_NUMBER, HIRE_DATE, SALARY, COMMISSION_PCT, JOB_ID, MANAGER_ID, DEPARTMENT_ID) VALUES (71, 'Kokushibo', 'Upper Moon', 'kokushibo@demon.jp', '+81-160-3234-5021', '2021-06-15', 140000.00, NULL, 'DATENG', 56, 10);
INSERT INTO EMPLOYEE (EMPLOYEE_ID, FIRST_NAME, LAST_NAME, EMAIL, PHONE_NUMBER, HIRE_DATE, SALARY, COMMISSION_PCT, JOB_ID, MANAGER_ID, DEPARTMENT_ID) VALUES (72, 'Akaza', 'Upper Moon', 'akaza@demon.jp', '+81-160-3234-5022', '2021-07-01', 100000.00, NULL, 'SWENG', 55, 2);
INSERT INTO EMPLOYEE (EMPLOYEE_ID, FIRST_NAME, LAST_NAME, EMAIL, PHONE_NUMBER, HIRE_DATE, SALARY, COMMISSION_PCT, JOB_ID, MANAGER_ID, DEPARTMENT_ID) VALUES (73, 'Doma', 'Upper Moon', 'doma@demon.jp', '+81-160-3234-5023', '2021-07-15', 95000.00, NULL, 'MKTSPEC', 1, 5);
INSERT INTO EMPLOYEE (EMPLOYEE_ID, FIRST_NAME, LAST_NAME, EMAIL, PHONE_NUMBER, HIRE_DATE, SALARY, COMMISSION_PCT, JOB_ID, MANAGER_ID, DEPARTMENT_ID) VALUES (74, 'Gyutaro', 'Upper Moon', 'gyutaro@demon.jp', '+81-160-3234-5024', '2021-08-01', 90000.00, NULL, 'SWENG', 55, 2);
INSERT INTO EMPLOYEE (EMPLOYEE_ID, FIRST_NAME, LAST_NAME, EMAIL, PHONE_NUMBER, HIRE_DATE, SALARY, COMMISSION_PCT, JOB_ID, MANAGER_ID, DEPARTMENT_ID) VALUES (75, 'Daki', 'Upper Moon', 'daki@demon.jp', '+81-160-3234-5025', '2021-08-15', 85000.00, NULL, 'UXDES', 59, 3);

-- JUJUTSU KAISEN Characters (25 employees)
INSERT INTO EMPLOYEE (EMPLOYEE_ID, FIRST_NAME, LAST_NAME, EMAIL, PHONE_NUMBER, HIRE_DATE, SALARY, COMMISSION_PCT, JOB_ID, MANAGER_ID, DEPARTMENT_ID) VALUES (76, 'Yuji', 'Itadori', 'yuji@jujutsu.jp', '+81-150-4234-5001', '2020-09-01', 85000.00, NULL, 'SWENG', 4, 2);
INSERT INTO EMPLOYEE (EMPLOYEE_ID, FIRST_NAME, LAST_NAME, EMAIL, PHONE_NUMBER, HIRE_DATE, SALARY, COMMISSION_PCT, JOB_ID, MANAGER_ID, DEPARTMENT_ID) VALUES (77, 'Megumi', 'Fushiguro', 'megumi@jujutsu.jp', '+81-150-4234-5002', '2020-09-01', 90000.00, NULL, 'SWENG', 4, 2);
INSERT INTO EMPLOYEE (EMPLOYEE_ID, FIRST_NAME, LAST_NAME, EMAIL, PHONE_NUMBER, HIRE_DATE, SALARY, COMMISSION_PCT, JOB_ID, MANAGER_ID, DEPARTMENT_ID) VALUES (78, 'Nobara', 'Kugisaki', 'nobara@jujutsu.jp', '+81-150-4234-5003', '2020-09-01', 85000.00, NULL, 'SWENG', 4, 2);
INSERT INTO EMPLOYEE (EMPLOYEE_ID, FIRST_NAME, LAST_NAME, EMAIL, PHONE_NUMBER, HIRE_DATE, SALARY, COMMISSION_PCT, JOB_ID, MANAGER_ID, DEPARTMENT_ID) VALUES (79, 'Satoru', 'Gojo', 'gojo@jujutsu.jp', '+81-150-4234-5004', '2018-05-01', 180000.00, NULL, 'VP_ENG', 2, 2);
INSERT INTO EMPLOYEE (EMPLOYEE_ID, FIRST_NAME, LAST_NAME, EMAIL, PHONE_NUMBER, HIRE_DATE, SALARY, COMMISSION_PCT, JOB_ID, MANAGER_ID, DEPARTMENT_ID) VALUES (80, 'Kento', 'Nanami', 'nanami@jujutsu.jp', '+81-150-4234-5005', '2019-10-01', 145000.00, NULL, 'SENENG', 79, 2);
INSERT INTO EMPLOYEE (EMPLOYEE_ID, FIRST_NAME, LAST_NAME, EMAIL, PHONE_NUMBER, HIRE_DATE, SALARY, COMMISSION_PCT, JOB_ID, MANAGER_ID, DEPARTMENT_ID) VALUES (81, 'Maki', 'Zenin', 'maki@jujutsu.jp', '+81-150-4234-5006', '2020-09-15', 95000.00, NULL, 'SWENG', 79, 2);
INSERT INTO EMPLOYEE (EMPLOYEE_ID, FIRST_NAME, LAST_NAME, EMAIL, PHONE_NUMBER, HIRE_DATE, SALARY, COMMISSION_PCT, JOB_ID, MANAGER_ID, DEPARTMENT_ID) VALUES (82, 'Toge', 'Inumaki', 'toge@jujutsu.jp', '+81-150-4234-5007', '2020-09-15', 90000.00, NULL, 'SWENG', 79, 2);
INSERT INTO EMPLOYEE (EMPLOYEE_ID, FIRST_NAME, LAST_NAME, EMAIL, PHONE_NUMBER, HIRE_DATE, SALARY, COMMISSION_PCT, JOB_ID, MANAGER_ID, DEPARTMENT_ID) VALUES (83, 'Panda', 'Jujutsu', 'panda@jujutsu.jp', '+81-150-4234-5008', '2020-09-15', 90000.00, NULL, 'SWENG', 79, 2);
INSERT INTO EMPLOYEE (EMPLOYEE_ID, FIRST_NAME, LAST_NAME, EMAIL, PHONE_NUMBER, HIRE_DATE, SALARY, COMMISSION_PCT, JOB_ID, MANAGER_ID, DEPARTMENT_ID) VALUES (84, 'Yuta', 'Okkotsu', 'yuta@jujutsu.jp', '+81-150-4234-5009', '2020-10-01', 135000.00, NULL, 'SENENG', 79, 2);
INSERT INTO EMPLOYEE (EMPLOYEE_ID, FIRST_NAME, LAST_NAME, EMAIL, PHONE_NUMBER, HIRE_DATE, SALARY, COMMISSION_PCT, JOB_ID, MANAGER_ID, DEPARTMENT_ID) VALUES (85, 'Suguru', 'Geto', 'geto@jujutsu.jp', '+81-150-4234-5010', '2021-09-01', 140000.00, NULL, 'DATSCI', 2, 10);
INSERT INTO EMPLOYEE (EMPLOYEE_ID, FIRST_NAME, LAST_NAME, EMAIL, PHONE_NUMBER, HIRE_DATE, SALARY, COMMISSION_PCT, JOB_ID, MANAGER_ID, DEPARTMENT_ID) VALUES (86, 'Aoi', 'Todo', 'todo@jujutsu.jp', '+81-150-4234-5011', '2020-10-15', 110000.00, NULL, 'SWENG', 79, 2);
INSERT INTO EMPLOYEE (EMPLOYEE_ID, FIRST_NAME, LAST_NAME, EMAIL, PHONE_NUMBER, HIRE_DATE, SALARY, COMMISSION_PCT, JOB_ID, MANAGER_ID, DEPARTMENT_ID) VALUES (87, 'Mai', 'Zenin', 'mai@jujutsu.jp', '+81-150-4234-5012', '2020-11-01', 85000.00, NULL, 'SWENG', 79, 2);
INSERT INTO EMPLOYEE (EMPLOYEE_ID, FIRST_NAME, LAST_NAME, EMAIL, PHONE_NUMBER, HIRE_DATE, SALARY, COMMISSION_PCT, JOB_ID, MANAGER_ID, DEPARTMENT_ID) VALUES (88, 'Kasumi', 'Miwa', 'miwa@jujutsu.jp', '+81-150-4234-5013', '2020-11-15', 80000.00, NULL, 'SWENG', 79, 2);
INSERT INTO EMPLOYEE (EMPLOYEE_ID, FIRST_NAME, LAST_NAME, EMAIL, PHONE_NUMBER, HIRE_DATE, SALARY, COMMISSION_PCT, JOB_ID, MANAGER_ID, DEPARTMENT_ID) VALUES (89, 'Noritoshi', 'Kamo', 'kamo@jujutsu.jp', '+81-150-4234-5014', '2020-12-01', 95000.00, NULL, 'SWENG', 79, 2);
INSERT INTO EMPLOYEE (EMPLOYEE_ID, FIRST_NAME, LAST_NAME, EMAIL, PHONE_NUMBER, HIRE_DATE, SALARY, COMMISSION_PCT, JOB_ID, MANAGER_ID, DEPARTMENT_ID) VALUES (90, 'Masamichi', 'Yaga', 'yaga@jujutsu.jp', '+81-150-4234-5015', '2018-04-01', 155000.00, NULL, 'PRODMGR', 5, 3);
INSERT INTO EMPLOYEE (EMPLOYEE_ID, FIRST_NAME, LAST_NAME, EMAIL, PHONE_NUMBER, HIRE_DATE, SALARY, COMMISSION_PCT, JOB_ID, MANAGER_ID, DEPARTMENT_ID) VALUES (91, 'Shoko', 'Ieiri', 'shoko@jujutsu.jp', '+81-150-4234-5016', '2018-06-01', 135000.00, NULL, 'DATENG', 85, 10);
INSERT INTO EMPLOYEE (EMPLOYEE_ID, FIRST_NAME, LAST_NAME, EMAIL, PHONE_NUMBER, HIRE_DATE, SALARY, COMMISSION_PCT, JOB_ID, MANAGER_ID, DEPARTMENT_ID) VALUES (92, 'Ryomen', 'Sukuna', 'sukuna@curse.jp', '+81-150-4234-5017', '2021-10-01', 155000.00, NULL, 'DATSCI', 85, 10);
INSERT INTO EMPLOYEE (EMPLOYEE_ID, FIRST_NAME, LAST_NAME, EMAIL, PHONE_NUMBER, HIRE_DATE, SALARY, COMMISSION_PCT, JOB_ID, MANAGER_ID, DEPARTMENT_ID) VALUES (93, 'Mahito', 'Curse', 'mahito@curse.jp', '+81-150-4234-5018', '2021-10-15', 130000.00, NULL, 'DATENG', 85, 10);
INSERT INTO EMPLOYEE (EMPLOYEE_ID, FIRST_NAME, LAST_NAME, EMAIL, PHONE_NUMBER, HIRE_DATE, SALARY, COMMISSION_PCT, JOB_ID, MANAGER_ID, DEPARTMENT_ID) VALUES (94, 'Jogo', 'Curse', 'jogo@curse.jp', '+81-150-4234-5019', '2021-11-01', 110000.00, NULL, 'SWENG', 79, 2);
INSERT INTO EMPLOYEE (EMPLOYEE_ID, FIRST_NAME, LAST_NAME, EMAIL, PHONE_NUMBER, HIRE_DATE, SALARY, COMMISSION_PCT, JOB_ID, MANAGER_ID, DEPARTMENT_ID) VALUES (95, 'Hanami', 'Curse', 'hanami@curse.jp', '+81-150-4234-5020', '2021-11-15', 100000.00, NULL, 'SWENG', 79, 2);
INSERT INTO EMPLOYEE (EMPLOYEE_ID, FIRST_NAME, LAST_NAME, EMAIL, PHONE_NUMBER, HIRE_DATE, SALARY, COMMISSION_PCT, JOB_ID, MANAGER_ID, DEPARTMENT_ID) VALUES (96, 'Choso', 'Cursed Womb', 'choso@curse.jp', '+81-150-4234-5021', '2021-12-01', 95000.00, NULL, 'SWENG', 79, 2);
INSERT INTO EMPLOYEE (EMPLOYEE_ID, FIRST_NAME, LAST_NAME, EMAIL, PHONE_NUMBER, HIRE_DATE, SALARY, COMMISSION_PCT, JOB_ID, MANAGER_ID, DEPARTMENT_ID) VALUES (97, 'Mechamaru', 'Kokichi', 'mechamaru@jujutsu.jp', '+81-150-4234-5022', '2021-12-15', 100000.00, NULL, 'DEVOPS', 79, 2);
INSERT INTO EMPLOYEE (EMPLOYEE_ID, FIRST_NAME, LAST_NAME, EMAIL, PHONE_NUMBER, HIRE_DATE, SALARY, COMMISSION_PCT, JOB_ID, MANAGER_ID, DEPARTMENT_ID) VALUES (98, 'Utahime', 'Iori', 'utahime@jujutsu.jp', '+81-150-4234-5023', '2019-12-01', 120000.00, NULL, 'PROJMGR', 90, 3);
INSERT INTO EMPLOYEE (EMPLOYEE_ID, FIRST_NAME, LAST_NAME, EMAIL, PHONE_NUMBER, HIRE_DATE, SALARY, COMMISSION_PCT, JOB_ID, MANAGER_ID, DEPARTMENT_ID) VALUES (99, 'Rika', 'Orimoto', 'rika@jujutsu.jp', '+81-150-4234-5024', '2022-01-15', 65000.00, NULL, 'CUSTSUP', 1, 9);
INSERT INTO EMPLOYEE (EMPLOYEE_ID, FIRST_NAME, LAST_NAME, EMAIL, PHONE_NUMBER, HIRE_DATE, SALARY, COMMISSION_PCT, JOB_ID, MANAGER_ID, DEPARTMENT_ID) VALUES (100, 'Takuma', 'Ino', 'ino@jujutsu.jp', '+81-150-4234-5025', '2022-02-01', 75000.00, NULL, 'JRENG', 80, 2);

-- =====================================================
-- END OF DATA
-- =====================================================
